{
    "Adversarial model":{
        "validation_accuracy":0.9414285714285714,
        "test_accuracy":0.9424
    },
    "Weak model":{
        "num_weak_signal":20,
        "validation_accuracy":[
            0.6437142857142857,
            0.5494285714285714,
            0.6608571428571428,
            0.5891428571428572,
            0.7194285714285714,
            0.5862857142857143,
            0.6894285714285714,
            0.652,
            0.6588571428571428,
            0.7308571428571429,
            0.738,
            0.7471428571428571,
            0.5725714285714286,
            0.6302857142857143,
            0.6234285714285714,
            0.6097142857142858,
            0.6471428571428571,
            0.6591428571428571,
            0.6825714285714286,
            0.7217142857142858
        ],
        "test_accuracy":[
            0.6528,
            0.5312,
            0.6448,
            0.584,
            0.7408,
            0.5936,
            0.7264,
            0.6856,
            0.6632,
            0.724,
            0.7528,
            0.7392,
            0.584,
            0.6224,
            0.6304,
            0.6176,
            0.6664,
            0.6976,
            0.6912,
            0.7384
        ],
        "baseline_val_accuracy":[
            0.91
        ],
        "baseline_test_accuracy":[
            0.912
        ]
    }
}